fixmypcperth.com/blog,https://www.fixmypcperth.com/tech-tips,301,true,true,false,false
fixmypcperth.com/blog.html,https://www.fixmypcperth.com/tech-tips,301,true,true,false,false
fixmypcperth.com/blog/data-recovery-perth-guide,https://www.fixmypcperth.com/data-recovery-perth,301,true,true,false,false
fixmypcperth.com/blog/data-recovery-perth-guide.html,https://www.fixmypcperth.com/data-recovery-perth,301,true,true,false,false
fixmypcperth.com/blog/how-much-does-pc-repair-cost-perth,https://www.fixmypcperth.com/tech-tips/how-much-does-pc-repair-cost-perth,301,true,true,false,false
fixmypcperth.com/blog/how-much-does-pc-repair-cost-perth.html,https://www.fixmypcperth.com/tech-tips/how-much-does-pc-repair-cost-perth,301,true,true,false,false
fixmypcperth.com/blog/how-to-fix-a-slow-computer,https://www.fixmypcperth.com/tech-tips/why-is-my-pc-so-slow,301,true,true,false,false
fixmypcperth.com/blog/how-to-fix-a-slow-computer.html,https://www.fixmypcperth.com/tech-tips/why-is-my-pc-so-slow,301,true,true,false,false
fixmypcperth.com/blog/how-to-tell-if-pc-has-virus,https://www.fixmypcperth.com/tech-tips/how-to-tell-if-pc-has-virus,301,true,true,false,false
fixmypcperth.com/blog/how-to-tell-if-pc-has-virus.html,https://www.fixmypcperth.com/tech-tips/how-to-tell-if-pc-has-virus,301,true,true,false,false
fixmypcperth.com/blog/laptop-screen-replacement-physical-repairs,https://www.fixmypcperth.com/tech-tips/laptop-screen-replacement-physical-repairs,301,true,true,false,false
fixmypcperth.com/blog/laptop-screen-replacement-physical-repairs.html,https://www.fixmypcperth.com/tech-tips/laptop-screen-replacement-physical-repairs,301,true,true,false,false
fixmypcperth.com/blog/signs-hard-drive-failing,https://www.fixmypcperth.com/tech-tips/signs-hard-drive-failing,301,true,true,false,false
fixmypcperth.com/blog/signs-hard-drive-failing.html,https://www.fixmypcperth.com/tech-tips/signs-hard-drive-failing,301,true,true,false,false
fixmypcperth.com/blog/ssd-upgrade-perth-guide,https://www.fixmypcperth.com/tech-tips/ssd-upgrade-perth-guide,301,true,true,false,false
fixmypcperth.com/blog/ssd-upgrade-perth-guide.html,https://www.fixmypcperth.com/tech-tips/ssd-upgrade-perth-guide,301,true,true,false,false
fixmypcperth.com/blog/why-is-my-pc-so-slow,https://www.fixmypcperth.com/tech-tips/why-is-my-pc-so-slow,301,true,true,false,false
fixmypcperth.com/blog/why-is-my-pc-so-slow.html,https://www.fixmypcperth.com/tech-tips/why-is-my-pc-so-slow,301,true,true,false,false
fixmypcperth.com/business-it-support.html,https://www.fixmypcperth.com/business-it-support,301,true,true,false,false
fixmypcperth.com/computer-backup-setup-perth,https://www.fixmypcperth.com/data-recovery-perth#backup,301,true,true,false,false
fixmypcperth.com/computer-backup-setup-perth.html,https://www.fixmypcperth.com/data-recovery-perth#backup,301,true,true,false,false
fixmypcperth.com/computer-repair-armadale,https://www.fixmypcperth.com/suburbs/armadale,301,true,true,false,false
fixmypcperth.com/computer-repair-atwell,https://www.fixmypcperth.com/suburbs/cockburn,301,true,true,false,false
fixmypcperth.com/computer-repair-canning-vale,https://www.fixmypcperth.com/suburbs/canning-vale,301,true,true,false,false
fixmypcperth.com/computer-repair-cockburn,https://www.fixmypcperth.com/suburbs/cockburn,301,true,true,false,false
fixmypcperth.com/computer-repair-gosnells,https://www.fixmypcperth.com/suburbs/gosnells,301,true,true,false,false
fixmypcperth.com/computer-repair-harrisdale,https://www.fixmypcperth.com/suburbs/harrisdale,301,true,true,false,false
fixmypcperth.com/computer-repair-jandakot,https://www.fixmypcperth.com/suburbs/jandakot,301,true,true,false,false
fixmypcperth.com/computer-repair-thornlie,https://www.fixmypcperth.com/suburbs/thornlie,301,true,true,false,false
fixmypcperth.com/computer-repair-willetton,https://www.fixmypcperth.com/suburbs/willetton,301,true,true,false,false
fixmypcperth.com/computer-wont-turn-on-perth.html,https://www.fixmypcperth.com/computer-wont-turn-on-perth,301,true,true,false,false
fixmypcperth.com/data-recovery-perth.html,https://www.fixmypcperth.com/data-recovery-perth,301,true,true,false,false
fixmypcperth.com/gaming-pc-build-perth.html,https://www.fixmypcperth.com/gaming-pc-build-perth,301,true,true,false,false
fixmypcperth.com/index.html,https://www.fixmypcperth.com/,301,true,true,false,false
fixmypcperth.com/industries/it-support-accountants-perth,https://www.fixmypcperth.com/it-support-accountants-perth,301,true,true,false,false
fixmypcperth.com/industries/it-support-allied-health-perth,https://www.fixmypcperth.com/it-support-allied-health-perth,301,true,true,false,false
fixmypcperth.com/industries/it-support-childcare-perth,https://www.fixmypcperth.com/it-support-childcare-perth,301,true,true,false,false
fixmypcperth.com/industries/it-support-legal-perth,https://www.fixmypcperth.com/it-support-legal-perth,301,true,true,false,false
fixmypcperth.com/industries/it-support-retail-perth,https://www.fixmypcperth.com/it-support-retail-perth,301,true,true,false,false
fixmypcperth.com/industries/it-support-trades-perth,https://www.fixmypcperth.com/it-support-trades-perth,301,true,true,false,false
fixmypcperth.com/it-support-accountants-perth.html,https://www.fixmypcperth.com/it-support-accountants-perth,301,true,true,false,false
fixmypcperth.com/it-support-allied-health-perth.html,https://www.fixmypcperth.com/it-support-allied-health-perth,301,true,true,false,false
fixmypcperth.com/it-support-childcare-perth.html,https://www.fixmypcperth.com/it-support-childcare-perth,301,true,true,false,false
fixmypcperth.com/it-support-hospitality-perth.html,https://www.fixmypcperth.com/it-support-hospitality-perth,301,true,true,false,false
fixmypcperth.com/it-support-legal-perth.html,https://www.fixmypcperth.com/it-support-legal-perth,301,true,true,false,false
fixmypcperth.com/it-support-real-estate-perth.html,https://www.fixmypcperth.com/it-support-real-estate-perth,301,true,true,false,false
fixmypcperth.com/it-support-retail-perth.html,https://www.fixmypcperth.com/it-support-retail-perth,301,true,true,false,false
fixmypcperth.com/it-support-trades-perth.html,https://www.fixmypcperth.com/it-support-trades-perth,301,true,true,false,false
fixmypcperth.com/laptop-battery-replacement-perth,https://www.fixmypcperth.com/laptop-repair-perth#battery,301,true,true,false,false
fixmypcperth.com/laptop-battery-replacement-perth.html,https://www.fixmypcperth.com/laptop-repair-perth#battery,301,true,true,false,false
fixmypcperth.com/laptop-repair-perth.html,https://www.fixmypcperth.com/laptop-repair-perth,301,true,true,false,false
fixmypcperth.com/pricing.html,https://www.fixmypcperth.com/pricing,301,true,true,false,false
fixmypcperth.com/quiz,https://www.fixmypcperth.com/pc-health-check-perth,301,true,true,false,false
fixmypcperth.com/quiz.html,https://www.fixmypcperth.com/pc-health-check-perth,301,true,true,false,false
fixmypcperth.com/quote-request.html,https://www.fixmypcperth.com/quote-request,301,true,true,false,false
fixmypcperth.com/reviews.html,https://www.fixmypcperth.com/reviews,301,true,true,false,false
fixmypcperth.com/slow-computer-repair-perth.html,https://www.fixmypcperth.com/slow-computer-repair-perth,301,true,true,false,false
fixmypcperth.com/ssd-upgrade-perth,https://www.fixmypcperth.com/computer-upgrades-perth,301,true,true,false,false
fixmypcperth.com/ssd-upgrade-perth.html,https://www.fixmypcperth.com/computer-upgrades-perth,301,true,true,false,false
fixmypcperth.com/suburbs/canning-vale.html,https://www.fixmypcperth.com/suburbs/canning-vale,301,true,true,false,false
fixmypcperth.com/suburbs/cannington.html,https://www.fixmypcperth.com/suburbs/cannington,301,true,true,false,false
fixmypcperth.com/suburbs/cockburn.html,https://www.fixmypcperth.com/suburbs/cockburn,301,true,true,false,false
fixmypcperth.com/suburbs/harrisdale.html,https://www.fixmypcperth.com/suburbs/harrisdale,301,true,true,false,false
fixmypcperth.com/suburbs/huntingdale.html,https://www.fixmypcperth.com/suburbs/huntingdale,301,true,true,false,false
fixmypcperth.com/suburbs/jandakot.html,https://www.fixmypcperth.com/suburbs/jandakot,301,true,true,false,false
fixmypcperth.com/suburbs/thornlie.html,https://www.fixmypcperth.com/suburbs/thornlie,301,true,true,false,false
fixmypcperth.com/suburbs/willetton.html,https://www.fixmypcperth.com/suburbs/willetton,301,true,true,false,false
fixmypcperth.com/terms.html,https://www.fixmypcperth.com/terms,301,true,true,false,false
fixmypcperth.com/virus-removal-perth.html,https://www.fixmypcperth.com/virus-removal-perth,301,true,true,false,false
fixmypcperth.com/windows-11-upgrade-perth,https://www.fixmypcperth.com/windows-reinstall-perth,301,true,true,false,false
fixmypcperth.com/windows-11-upgrade-perth.html,https://www.fixmypcperth.com/windows-reinstall-perth,301,true,true,false,false
fixmypcperth.com/windows-reinstall-perth.html,https://www.fixmypcperth.com/windows-reinstall-perth,301,true,true,false,false
fixmypcperth.com/index,https://www.fixmypcperth.com/,301,true,true,false,false
